Black In Tech: Food and Hacking,/Black-In-Tech-Food-and-Hacking/
Boro.Dev,/borodev/
Clarksville Data Science and R Users Meetup Group,/Clarksville-Data-Science-and-R-Users-Meetup-Group/
Cloud Native Nashville,/cloud-native-nashville/
Code for Nashville,/code-for-nashville/
Code Mount Juliet,/Dev-Mount-Juliet/
Data Science Nashville,/Data-Science-Tenn/
Downtown Developers Lunch,/Downtown-Developers-Lunch/
East Nashville Code and Coffee,/East-Nashville-Code-and-Coffee/
Elastic Nashville User Group,/Elastic-Nashville/
Franklin Developer Lunch & Learn,/franklindevs/
freeCodeCamp Nashville,/freeCodeCamp-Nashville/
Full Stack Machine Learning,/meetup-group-MeCQHFFt/
GrowNashville: Startup Entrepreneurs, Hackers, & Web Experts,/Nashville-Startups/
Looker Nashville,/Looker-Nashville/
Microsoft Tech Talks - Nashville,/mttnashville/
Nash |> Elixir,/nash-elixir/
Nash SQL,/Nash-SQL/
Nash.rb,/nashrb/
NashJS - Nashville JavaScript,/nashjs/
NashReact,/NashReact-Meetup/
NashSec,/NashSec/
Nashville .NET User Group,/Nashville-NET-User-Group/
Nashville Amazon Web Services User Group AWS,/nawsug/
Nashville Apache Kafka Meetup by Confluent,/Nashville-Apache-Kafka-Meetup-by-Confluent/
Nashville API Developers,/NashAPI/
Nashville Artificial Intelligence Society,/Nashville-Artificial-Intelligence-Society/
Nashville Big Data and Analytics Meetup,/Nashville-Big-Data-and-Analytics-Meetup/
Nashville Cloud Computing Meetup,/Nashville-Cloud-Computing-Meetup/
Nashville CocoaHeads,/Nashville-CocoaHeads/
Nashville Computer Science and Algorithms Meetup Group,/Nashville-Computer-Science-and-Algorithms-Meetup-Group/
Nashville Computer Science Meetup,/Nashville-Computer-Science-Meetup/
Nashville Data Nerds,/Data-Nerds/
Nashville DevOps Meetup,/NashDevOps/
Nashville Docker Meetup,/nashville-docker/
Nashville Game Developers,/NashGameDev/
Nashville Hadoop Users Group,/Nashville-Hadoop-Meetup/
Nashville IT Security Meetup,/Nashville-Tennessee-IT-Security/
Nashville Java Usersâ€™ Group,/nashvillejug/
Nashville Linux Users Group,/Nashville-Linux-Users-Group/
Nashville Lisp Sync,/Nashville-Lisp-Sync/
Nashville Machine Learning Meetup,/Nashville-Machine-Learning-Meetup/
Nashville Mobile .NET Developers,/NashvilleMobileDotNet/
Nashville PHP,/nashvillephp/
Nashville React Native,/NashvilleReact/
Nashville SaaS Meetup,/Nashville-SaaS-Meetup/
Nashville Software Beginners,/nashville-software-beginners/
Nashville Software Development Meetup Group,/Nashville-Software-Development-Meetup-Group/
Nashville Tech,/Nashville-Tech/
Nashville UX,/nashville-ux/
Nashville Virtual Reality Meetup,/nashvr/
Nashville Women Programmers,/NashvilleWomenProgrammers/
PyNash,/PyNash/
Savvy Coders - Nashville,/SavvyCoders/
Skeleton Cru,/skeletoncru/
The Nashville Microsoft Azure Users Group,/The-Nashville-Microsoft-Azure-Users-Group/
Thinkful Nashville | Careers in Tech,/KICK-OFF-A-CAREER-IN-TECH-THINKFUL-NASHVILLE/
WordPress Nashville,/NashvilleWordpress/
